,product,description,tags
0,2% BHA Liquid Exfoliant,"Our #1 product worldwide + cult favorite, this gentle leave-on exfoliant with salicylic acid quickly unclogs pores, smooths wrinkles, brightens and evens out skin tone.
Clears & minimizes enlarged pores
BHA (beta hydroxy acid) sheds built-up layers of skin
Fluid, lightweight texture absorbs quickly 
Use up to twice daily after cleansing & toning skin","AHA & BHA Exfoliants, Best Sellers, Anti-Aging, Anti-Pollution Skin Care, Blackheads, Dull Skin, Enlarged Pores, Redness, Uneven Skin Tone, Wrinkles, Skin Perfecting, All Skin Types, Combination Skin, Dry%2FVery Dry Skin, Extra Sensitive Skin, Normal Skin, Oily Skin"
1,25% AHA + 2% BHA Exfoliant Peel,"A multi-acid, rinse-off exfoliant peel that dramatically resurfaces skin to visibly smooth wrinkles, refine rough, bumpy texture, brighten tone & unclog pores.
25% AHA blend addresses advanced signs of aging
2% BHA unclogs & decongests enlarged pores
Smooth, liquid-gel texture
Rinse-off formula leaves skin soft & glowing","AHA & BHA Exfoliants, Anti-Aging, Blackheads, Dull Skin, Enlarged Pores, Skin Perfecting, All Skin Types, Combination Skin, Dry%2FVery Dry Skin, Normal Skin, Oily Skin"
2,Niacinamide + BHA Duo,"2% BHA clears pores allowing 10% niacinamide to quickly improve uneven tone, minimize pores and visibly reduce wrinkles and discolorations.
Quickly unclogs pores
Visibly minimizes pore size
Brightens & evens skin tone
Use together up to twice daily","AHA & BHA Exfoliants, Anti-Aging Boosters, Kits & Sets, Anti-Aging, Anti-Pollution Skin Care, Blackheads, Dull Skin, Enlarged Pores, Redness, Uneven Skin Tone, Wrinkles, Boosters, Skin Perfecting, All Skin Types, Combination Skin, Dry%2FVery Dry Skin, Normal Skin, Oily Skin"
3,BHA 9 Treatment,"This unique, concentrated leave-on BHA exfoliant with salicylic acid works wonders to improve the appearance of stubborn skin concerns such as enlarged or clogged pores, bumps, and patches of rough, dry skin. It’s suitable even for skin prone to milia.
Delivers controlled, sustained release of salicylic acid
Minimizes the appearance of enlarged pores
Diminishes the appearance of hard, white bumps
Use as the last step in your evening skincare routine","AHA & BHA Exfoliants, Anti-Aging, Blackheads, Bumpy Skin, Dull Skin, Enlarged Pores, Skin Perfecting, All Skin Types, Combination Skin, Dry%2FVery Dry Skin, Normal Skin, Oily Skin"
4,Weightless Body Treatment 2% BHA,"This leave-on body exfoliant with 2% BHA, also known as salicylic acid, gently exfoliates built-up layers of dead skin to reveal the radiant, smooth skin hiding underneath.
2% salicylic acid softens and refines rough skin
Antioxidants safeguard skin and keep it healthy
Silky lightweight lotion feels beautiful on skin
Ideal for hard, clogged pores on the arms and legs","AHA & BHA Exfoliants, Best Sellers, Body Care, Anti-Aging, Bumpy Skin, Dull Skin, All Skin Types, Combination Skin, Dry%2FVery Dry Skin, Normal Skin, Oily Skin"
5,Acne Body Spray,"A body exfoliant with salicylic acid that fights acne fast and prevents new breakouts while calming redness. The easy-to-use spray can be held at any angle to reach stubborn acne on hard-to-reach areas of the body.
Maximum strength to combat stubborn acne
Alcohol-free formula
Fluid formula produces rapid results
Use daily on clean skin, do not rinse","AHA & BHA Exfoliants, Body Care, Acne Breakouts, Blackheads, Bumpy Skin, Clear for Acne, All Skin Types, Combination Skin, Dry%2FVery Dry Skin, Normal Skin, Oily Skin"
6,Extra Strength Anti-Redness Exfoliating Solution With 2% Salicylic Acid,"This gentle leave-on exfoliant with salicylic acid clears stubborn acne and blackheads with a maximum pore-penetrating formula. It also calms redness and provides light hydration for healthy, flake-free skin.
For stubborn acne
Unclogs blackheads and minimizes pore size
Water-light yet potent formula produces fast results
Use up to twice daily after cleansing skin","AHA & BHA Exfoliants, Best Sellers, Acne Breakouts, Blackheads, Bumpy Skin, Enlarged Pores, Clear for Acne, All Skin Types, Combination Skin, Dry%2FVery Dry Skin, Normal Skin, Oily Skin"
7,Skin Revealing Body Lotion 10% AHA,"This leave-on exfoliant gently removes built-up layers of dead skin, revealing smoother, softer skin from the neck down. It also significantly improves the appearance of hard, clogged, red bumps on arms and legs.
AHA reveals younger-looking, hydrated skin
Smooths away dry skin, visibly improving texture
Creamy formula leaves skin soft & moisturized","AHA & BHA Exfoliants, Body Care, Anti-Aging, Bumpy Skin, Dehydrated Skin, Dull Skin, All Skin Types, Combination Skin, Dry%2FVery Dry Skin, Normal Skin, Oily Skin"
8,8% AHA Gel Exfoliant,"A unique AHA gel exfoliant with glycolic acid that removes built-up layers of dead skin revealing smoother, firmer-looking skin.
Revitalizes uneven skin tone
Smooths the appearance of wrinkles
Weightless gel texture perfects skin’s surface
Use up to twice daily after cleansing & toning skin","AHA & BHA Exfoliants, Anti-Aging, Dull Skin, Wrinkles, Skin Perfecting, All Skin Types, Combination Skin, Dry%2FVery Dry Skin, Normal Skin, Oily Skin"
9,Regular Strength Anti-Redness Exfoliating Solution With 2% Salicylic Acid,"This gentle leave-on exfoliant with salicylic acid clears breakouts, unclogs and minimizes pores and fades red marks from past breakouts.
For mild to moderate acne
Water-light yet potent formula produces fast results
Use up to twice daily after cleansing skin","AHA & BHA Exfoliants, Best Sellers, Acne Breakouts, Blackheads, Bumpy Skin, Enlarged Pores, Redness, Clear for Acne, All Skin Types, Combination Skin, Dry%2FVery Dry Skin, Extra Sensitive Skin, Normal Skin, Oily Skin"
10,Daily Pore-Refining Treatment With 2% BHA,"A daily leave-on liquid exfoliant with BHA, also known as salicylic acid, that offers multiple benefits for those struggling with visible signs of sun damage, aging, bumpy skin, and enlarged, clogged pores.
Targets multiple signs of aging
Visibly reduces pore size
BHA gently and naturally exfoliates skin
Lightweight liquid formula
Use up to twice daily after cleansing & toning skin","AHA & BHA Exfoliants, Anti-Aging, Blackheads, Bumpy Skin, Dull Skin, Enlarged Pores, Oil Control, Wrinkles, Resist Anti-Aging, Combination Skin, Oily Skin"
11,Daily Smoothing Treatment with 5% AHA,"A daily leave-on AHA exfoliant that reveals a truly smoother, more radiant, even-toned complexion by helping skin naturally exfoliate as younger skin does.
Renews the appearance of dry, sun-damaged skin
Naturally exfoliates dead skin cells
Lightweight, hydrating lotion consistency
Use once or twice daily after cleansing & toning","AHA & BHA Exfoliants, Anti-Aging, Dull Skin, Firming, Wrinkles, Resist Anti-Aging, Dry%2FVery Dry Skin, Normal Skin"
12,2% BHA Gel Exfoliant,"This leave-on gel exfoliant is a completely non-abrasive way to remove layers of dull skin to reveal younger skin hiding underneath. It also shrinks clogged pores, diminishes the appearance of wrinkles, and improves skin tone.
Gently reveals smoother, radiant skin
Refines and clarifies pores
Gel texture hydrates and perfects skin’s surface
Use up to twice daily after cleansing & toning skin","AHA & BHA Exfoliants, Anti-Aging, Blackheads, Bumpy Skin, Dull Skin, Enlarged Pores, Wrinkles, Skin Perfecting, All Skin Types, Combination Skin, Dry%2FVery Dry Skin, Extra Sensitive Skin, Normal Skin, Oily Skin"
13,Redness Relief 1% BHA Lotion Exfoliant,"A completely gentle, non-abrasive, leave-on exfoliant that sheds built-up layers of dead skin to reveal the hidden radiant skin beneath. Perfect for someone with sensitive skin who wants to visibly diminish pore size and the appearance of wrinkles and ease redness.
Salicylic acid (BHA) provides gentle exfoliation
Reveals glowing, hydrated skin
Lightweight lotion is perfect for sensitive skin
Use twice daily after cleansing & toning skin","AHA & BHA Exfoliants, Blackheads, Bumpy Skin, Enlarged Pores, Redness, Calm Redness Relief, All Skin Types, Extra Sensitive Skin"
14,Advanced Illuminate + Smooth Kit,"Dramatically improve skin’s texture, tone and glow with clinically proven ingredients that fight dullness, bumps & signs of aging.
2% BHA unclogs large pores & smooths texture
15% vitamin C improves radiance & tone
1% retinol visibly reduces wrinkles & roughness","AHA & BHA Exfoliants, Anti-Aging Boosters, Brightening, Kits & Sets, Retinol, Vitamin C, Blackheads, Bumpy Skin, Dull Skin, Enlarged Pores, Firming, Uneven Skin Tone, Boosters, Clinical, Skin Perfecting"
15,Advanced Smoothing Treatment 10% AHA,"This super-concentrated exfoliating cocktail dramatically smooths away visible sun damage and other advanced signs of aging, revealing more radiant, visibly younger skin with just one use.
Four alpha-hydroxy acids reveal firmer looking skin
Alpha-hydroxy acid clears & visibly minimizes pores
Lightweight, milky liquid
Use up to twice daily after cleansing & toning skin","AHA & BHA Exfoliants, Dull Skin, Firming, Wrinkles, Resist Anti-Aging"
16,Advanced Pore-Refining Treatment 4% BHA,"When it’s time to take it to the next level, this powerful-yet-gentle, antioxidant-rich exfoliant with salicylic acid goes deep to unclog pores for smoother younger-looking skin.
BHA clears & minimizes the look of congested pores
Antioxidants visibly fight signs of aging
Lightweight serum texture for all skin types
Use up to twice daily after cleansing & toning skin","AHA & BHA Exfoliants, Blackheads, Bumpy Skin, Dull Skin, Enlarged Pores, Firming, Wrinkles, Resist Anti-Aging"
17,8% AHA Lotion Exfoliant,"A moisturizing AHA lotion exfoliant that gently removes built-up layers of dead skin to reveal remarkably smoother and softer skin.
Combines 8% glycolic acid with antioxidants
Reduces the appearance of fine lines and wrinkles
Hydrating lotion helps hold skin's moisture
Use up to twice daily after cleansing & toning skin","AHA & BHA Exfoliants, Dull Skin, Skin Perfecting"
18,C15 Super Booster,"This concentrated booster with 15% pure vitamin C dramatically brightens uneven skin while improving the appearance of wrinkles and fine lines.
Reveals a more radiant complexion
Vitamin C visibly brightens skin
Feather-light, liquid formula absorbs quickly
Use alone or add to your moisturizer or serum","Anti-Aging Boosters, Best Sellers, Brightening, Vitamin C, Anti-Aging, Anti-Pollution Skin Care, Dull Skin, Wrinkles, Boosters, All Skin Types, Combination Skin, Dry%2FVery Dry Skin, Normal Skin, Oily Skin"
19,10% Niacinamide Booster,"This concentrated 10% niacinamide serum booster dramatically improves uneven skin tone and refines the appearance of pore size, skin texture and fine lines.
Promotes a brighter, younger-looking appearance
Niacinamide (vitamin B3) visibly minimizes pore size
Sheer, ultra-light liquid formula
Use alone or add to your moisturizer or serum","Anti-Aging Boosters, Best Sellers, Vitamin C, Anti-Aging, Dull Skin, Enlarged Pores, Oil Control, Boosters, All Skin Types, Combination Skin, Dry%2FVery Dry Skin, Normal Skin, Oily Skin"
20,Hyaluronic Acid Booster,"This concentrated hyaluronic acid booster replenishes moisture content in skin for a plump, supple and noticeably smoother appearance.
Revives dehydrated, dull skin
Improves the appearance of fine lines & wrinkles
Fluid gel texture visibly plumps skin
Use alone or add to your moisturizer or serum","Anti-Aging Boosters, Anti-Aging, Dehydrated Skin, Dull Skin, Wrinkles, Boosters, All Skin Types, Combination Skin, Dry%2FVery Dry Skin, Normal Skin, Oily Skin"
22,Advanced Firm & Brighten Kit,"This powerful anti-aging kit dramatically brightens, smooths wrinkles and firms skin with clinically proven 1% retinol and 15% vitamin C.
Diminishes the appearance of fine lines & wrinkles
Evens, clarifies & brightens dullness and discoloration
Restores firmer-feeling skin","Anti-Aging Boosters, Brightening, Kits & Sets, Retinol, Vitamin C, Anti-Aging, Anti-Pollution Skin Care, Dull Skin, Wrinkles, Boosters, Clinical, All Skin Types, Combination Skin, Dry%2FVery Dry Skin, Normal Skin, Oily Skin"
23,C25 Super Booster,"Target and minimize the look of stubborn dark spots, red marks and other imperfections with a 25% concentration of stabilized vitamin C for a dramatically more even complexion overall.
Patented time-release delivery system
Highly-concentrated Vitamin C visibly diminishes spots
Silky, rich texture
Use alone or add to your moisturizer or serum","Anti-Aging Boosters, Brightening, Vitamin C, Anti-Aging, Anti-Pollution Skin Care, Dull Skin, Wrinkles, Boosters, All Skin Types, Combination Skin, Oily Skin"
24,1% Retinol Booster,"This lightweight, concentrated booster with 1% encapsulated retinol helps to even skin tone, renew radiance, brighten, improve the appearance of wrinkles and create a smooth complexion.
Pure form of retinol in a slow-release delivery system
Peptides restore skin’s youthful appearance
Fluid lotion texture visibly improves loss of firmness
Use alone or add to your moisturizer or serum
High-strength 1% retinol concentration","Anti-Aging Boosters, Retinol, Anti-Aging, Dull Skin, Firming, Wrinkles, Boosters, All Skin Types, Oily Skin"
25,Moisture Renewal Oil Booster,"This concentrated, antioxidant-enriched booster relieves dry skin with a blend of pure, nourishing plant oils and skin-renewing ceramides.
Revitalizes a dull, flaky complexion
Blend of nine essential, non-fragrant plant oils
Light, skin-enriching oil formula
Use alone or add to your moisturizer or serum","Anti-Aging Boosters, Dehydrated Skin, Dull Skin, Redness, Boosters"
26,10% Azelaic Acid Booster,"This unique formula uses potent azelaic acid, plus other powerhouse ingredients to clarify uneven tone, target stubborn spots and soothe irritation resulting in smoother, more radiant, younger-looking skin.
Azelaic acid’s effectiveness is backed by over 20 years of research
Lightweight, oil-free cream-gel texture
Use alone or add to your moisturizer or serum","Anti-Aging Boosters, Best Sellers, Brightening, Anti-Aging, Bumpy Skin, Dull Skin, Redness, Boosters, Extra Sensitive Skin"
27,Hyaluronic Acid + Peptide Lip Booster,"An advanced anti-aging lip treatment that smooths away fine lines and keeps lips looking youthfully full with a powerful blend of moisture-attracting hyaluronic acid, firming peptides and hydrating squalane.
Restores suppleness & prevents moisture loss
Visibly improves lines & flaking
Supports smoother, fuller-looking lips
Cooling applicator glides seamlessly","Anti-Aging Boosters, Lip & Smile Care, Dehydrated Skin, Firming, Boosters"
29,Peptide Booster,"Unlock firmer-looking skin with eight powerful peptides that make skin more resilient and reduce the appearance of lines.
Each peptide precisely targets concerns of loss of firmness, dullness, wrinkles and discolorations
Silky, lightweight gel absorbs instantly
Use alone or add to your moisturizer or serum","Anti-Aging Boosters, Brightening, Dehydrated Skin, Dull Skin, Firming, Wrinkles, Boosters"
30,Niacinamide + Azelaic Acid Duo,"This bioactive duo gives all skin types a noticeable glow by visibly minimizing enlarged pores and smoothing rough, dull texture.
Visibly minimizes pore size
Promotes brighter, healthier skin
Use after cleansing, toning & exfoliating","Anti-Aging Boosters, Kits & Sets, Targeted Solutions, Dull Skin, Enlarged Pores, Redness, Uneven Skin Tone, Wrinkles, Boosters"
31,Hyaluronic Acid + Ceramide Dietary Supplement,"This innovative skin care supplement promotes soft, hydrated, healthier skin from the inside out with a powerful blend of nourishing ingredients that support its natural collagen.
Hyaluronic acid boosts hydration & visibly softens lines
Glucosylceramides restore skin’s moisture barrier
11 antioxidant-rich berries fight free radical damage
Vegan, gluten-, soy- & dairy-free","Anti-Aging Boosters, Boosters, Extra Sensitive Skin"
32,Hydration Boost Duo,"Keep skin hydrated, plump and strengthened on the inside and outside with this duo filled with moisture-building hyaluronic acid and replenishing ceramides.
Capsules strengthen skin’s lower layers
Topical booster instantly plumps skin’s surface
Strengthens barrier from the inside out","Anti-Aging Boosters, Kits & Sets, Anti-Pollution Skin Care, Dehydrated Skin, Boosters"
33,Super Antioxidant Serum,"A hydrating, antioxidant-enriched serum that restores visible radiance for dull, dry skin while fighting against environmental attack.
Essential for improving visible signs of aging
Improves the appearance of dull, uneven skin tone
Restores hydration to dry, sun damaged skin
Use twice daily after cleansing, toning, and exfoliating","Antioxidant Serums, Vitamin C, Anti-Aging, Anti-Pollution Skin Care, Dull Skin, Firming, Wrinkles, Resist Anti-Aging, Dry%2FVery Dry Skin, Normal Skin"
34,Omega+ Complex Serum,"Superfood for your skin! Omega fatty acids in this serum strengthen skin’s surface with the essential nutrients needed for healthy, hydrated, visibly stronger skin.
Fortifies skin against environmental damage
Lightweight formula nourishes skin’s moisture barrier
Use twice daily after cleansing, toning & exfoliating","Antioxidant Serums, Anti-Aging, Dehydrated Skin, Dull Skin, Wrinkles, Omega%2B Complex, All Skin Types, Combination Skin, Dry%2FVery Dry Skin, Extra Sensitive Skin, Normal Skin, Oily Skin"
35,Niacinamide 20% Treatment,"A highly concentrated niacinamide (vitamin B3) serum that effectively tightens and minimizes the look of sagging pores and rough bumps caused by age or sun damage.
Dramatically reduces the look of stretched pores
Helps reduce hard, clogged bumps & orange-peel texture
Visibly improves blotchy tone & fades post-blemish marks","Antioxidant Serums, Best Sellers, Enlarged Pores, Oil Control, Uneven Skin Tone, Clinical, All Skin Types, Combination Skin, Dry%2FVery Dry Skin, Extra Sensitive Skin, Normal Skin, Oily Skin"
36,Intensive Wrinkle-Repair Retinol Serum,"This extravagantly silky serum blends pure retinol and potent antioxidants to help impart firmer-feeling skin, smooth and soften fine lines and wrinkles, and provide hydration so skin of any age can look radiant and revitalized.
Stabilized retinol improves the appearance of wrinkles
Vitamin C helps brighten and replenish skin
Silky serum leaves skin soft and smooth
Use twice daily after cleansing, toning & exfoliating
Mid-strength 0.1% retinol concentration","Antioxidant Serums, Retinol, Targeted Solutions, Vitamin C, Anti-Aging, Dull Skin, Firming, Uneven Skin Tone, Wrinkles, Resist Anti-Aging, All Skin Types, Combination Skin, Dry%2FVery Dry Skin, Normal Skin, Oily Skin"
37,Super Antioxidant Concentrate Serum with Retinol,"A rich, concentrated antioxidant serum with an effective but gentle amount of retinol that restores moisture while defending against environmental stressors and signs of aging.
Relieves dryness with superior hydration
Antioxidant complex brightens and refines skin
Silky-smooth serum texture
Use twice daily after cleansing, toning & exfoliating
Low-strength 0.01% retinol concentration","Antioxidant Serums, Retinol, Anti-Aging, Dehydrated Skin, Firming, Skin Recovery"
39,Redness Relief Repairing Serum,"This antioxidant-enriched, silky-soft serum soothes and calms the appearance of redness with a lightweight yet hydrating anti-aging formula.
Smooths fine lines and wrinkles
Hydrating complex moisturizes and eases redness
Lightweight but concentrated anti-aging formulation
Use twice daily after cleansing, toning & exfoliating","Antioxidant Serums, Dehydrated Skin, Redness, Wrinkles, Calm Redness Relief, All Skin Types, Extra Sensitive Skin"
40,Ultra-Light Super Antioxidant Concentrate Serum,"An extraordinary blend of antioxidants in a feather-light serum that gives skin a brighter, hydrated appearance while resisting environmental stress and promoting firmer-looking skin.
Essential for improving visible signs of aging
Antioxidant complex visibly brightens and refines
Lightweight hydrating serum
Use twice daily after cleansing, toning & exfoliating","Antioxidant Serums, Anti-Aging, Anti-Pollution Skin Care, Dull Skin, Firming, Wrinkles, Resist Anti-Aging"
41,0.3% Retinol + 2% Bakuchiol Treatment,"Triple-action retinol, bakuchiol and peptides support collagen-depleted skin to target fine lines, deep wrinkles, enlarged pores and loss of firmness.
Mid-strength 0.3% retinol fights wrinkles
2% bakuchiol amplifies retinol’s wrinkle-fighting power
Peptides support healthy collagen for improved firmness
Light lotion texture absorbs quickly","Antioxidant Serums, Retinol, Anti-Aging, Enlarged Pores, Firming, Uneven Skin Tone, Wrinkles, Clinical"
42,Discoloration Repair Serum,"A potent serum that targets brown + gray patches while helping prevent new discoloration from forming using a tranexamic complex with bakuchiol and niacinamide.
Visibly reduces patches of discoloration that can appear on the cheeks, forehead, nose & chin
Helps to control & fade dark spots
Evens patchy skin tone & brightens","Antioxidant Serums, Brightening, Uneven Skin Tone, Clinical"
43,Power Berry Serum,"This 95% natural serum gives skin a healthy glow through a potent combination of berries selected for their proven antioxidant power in nature.
13 berries neutralize environmental damage
Preserves youthful-looking skin
Silicone-free, milky-gel texture lightly hydrates
All-natural pink shade","Antioxidant Serums, Anti-Pollution Skin Care, Earth Sourced Natural, Extra Sensitive Skin"
46,1% Retinol Treatment,"A potent and uniquely formulated retinol solution that hydrates and delivers remarkable anti-aging benefits with a controlled-release delivery system to allow for even, consistent absorption.
Advanced hydrating complex absorbs quickly
Diminishes the appearance of wrinkles, fine lines
Light lotion texture delivers powerful results
Use after cleansing, toning & exfoliating skin
High-strength 1% retinol concentration","Best Sellers, Retinol, Targeted Solutions, Anti-Aging, Dull Skin, Firming, Wrinkles, Clinical, All Skin Types, Combination Skin, Dry%2FVery Dry Skin, Normal Skin, Oily Skin"
47,Barrier Repair Moisturizer with Retinol,"A remarkable skin-renewing anti-aging moisturizer that nourishes dehydrated skin while promoting a firmer-looking, radiant complexion.
Advanced formula targets all signs of aging
Retinol helps improve the appearance of wrinkles
Hydrating, creamy formula
Use as the last step in your PM skincare routine
Low-strength 0.01% retinol concentration","Best Sellers, Moisturizers, Anti-Aging, Dehydrated Skin, Dull Skin, Firming, Wrinkles, Resist Anti-Aging, Dry%2FVery Dry Skin, Normal Skin"
49,Advanced Replenishing Toner,"An anti-aging toner that replenishes skin with essential nutrients, fatty acids & hyaluronic acid to visibly plump & soothe after cleansing.
Replenishes and revitalizes skin
Loaded with omega fatty acids and antioxidants
Soothing, milky texture
Use twice daily after cleansing skin","Best Sellers, Toners, Anti-Aging, Dehydrated Skin, Dull Skin, Wrinkles, Resist Anti-Aging, Dry%2FVery Dry Skin, Normal Skin"
50,Pore-Reducing Toner,"A daily facial toner that balances oily skin, minimizes enlarged pores and provides light hydration.
Refreshes and nourishes skin
Lightweight fluid formula
Use twice daily after cleansing skin","Best Sellers, Oil Control, Toners, Enlarged Pores, Oil Control, Skin Balancing, Combination Skin, Oily Skin"
55,Enriched Calming Toner,"This hydrating toner soothes dry, flaky skin and helps revitalize and recover moisture loss while infusing skin with anti-aging antioxidants.
Nourishes and comforts dry skin
Antioxidant-rich plant oils soothe and protect skin
Milky, hydrating formula
Use twice daily after cleansing skin","Best Sellers, Toners, Dehydrated Skin, Redness, Skin Recovery, Extra Sensitive Skin"
57,Skin Restoring Moisturizer with SPF 50,"This antioxidant-rich moisturizer hydrates and protects with superstar ingredients like niacinamide, shea butter and licorice for flawless, younger-looking skin.
Helps prevent premature aging
Antioxidants protect against environmental stressors
Hydrating cream leaves a dewy finish
Use as the last step in your AM skincare routine","Best Sellers, Moisturizers, Sun Protection, Anti-Aging, Sun Protection, Wrinkles, Resist Anti-Aging"
58,Daily Replenishing Body Cream,"Hydrate, smooth and protect your skin all over with a sheer, fast-absorbing formula packed with antioxidants, ceramides and a targeted peptide.
Smooths and firms, and helps skin retain moisture
Natural plant oils replenish for an all-over glow
Absorbs quickly for a sheer, non-greasy finish
Use from the neck down, as often as desired","Body Care, Anti-Aging, Dehydrated Skin, Firming, All Skin Types, Combination Skin, Dry%2FVery Dry Skin, Normal Skin, Oily Skin"
61,Retinol Skin-Smoothing Body Treatment,"An advanced moisturizing body lotion that gently gives skin the transforming power of pure retinol to help diminish the appearance of uneven skin tone and rejuvenate the feeling of soft firmer skin.
Pure retinol & antioxidants help transform skin
Natural butters & plant oils beautifully hydrate skin
Rich texture moisturizes dry skin, yet is non-greasy
Mid-strength 0.1% retinol concentration","Body Care, Retinol, Anti-Aging, Dull Skin, All Skin Types, Combination Skin, Dry%2FVery Dry Skin, Normal Skin, Oily Skin"
63,Ultra-Rich Soothing Body Butter,"This blend of plant oils, emollients, and shea butter softens dry, rough, uncomfortable skin anywhere on the body, leaving it velvety-smooth and silky-feeling. It's exceptionally gentle for sensitive skin, even skin prone to eczema.
Immediate relief of dry uncomfortable skin
Blend of plant butters and oils revive dry skin
Rich texture delivers copious long-lasting hydration","Body Care, Dehydrated Skin, Clinical, All Skin Types, Extra Sensitive Skin"
66,Radiance Renewal Mask,"A silky, rich, overnight skin-brightening mask that turns a dull complexion into a refreshed, luminous and hydrated glow.
Provides skin-softening hydration
Contains our proprietary multi-brightening complex
Silky-smooth, supple gel formula
Use as the last step in your evening skincare routine","Brightening, Masks, Anti-Aging, Dehydrated Skin, Dull Skin, Uneven Skin Tone, All Skin Types, Combination Skin, Oily Skin"
72,Omega+ Complex Cleansing Balm,"A triple-action cleansing balm made with omegas 3, 6 and 9 to cleanse, soften and soothe while rinsing completely clean.
Thoroughly cleanses without disturbing skin’s barrier
Jojoba & meadowfoam seed oils nourish
Leaves skin feeling soft & hydrated
Velvety-smooth balm texture rinses clean","Cleansers, Dehydrated Skin, Uneven Skin Tone, Omega%2B Complex, All Skin Types, Combination Skin, Dry%2FVery Dry Skin, Normal Skin, Oily Skin"
73,Perfect Cleansing Oil,"This skin-replenishing blend of plant oils rapidly dissolves makeup and whisks away impurities, while leaving skin soft and smooth—with no greasy residue.
Effortlessly removes makeup (even waterproof)
Sunflower & coconut oils hydrate & nourish skin
Creates a milky emulsion when mixed with water
Use as the first step in your AM/PM skincare routine",Cleansers
74,Ceramide-Enriched Firming Eye Cream,"This hydrating eye cream visibly smooths under eye wrinkles with a concentrated blend of five replenishing ceramides, four forms of brightening vitamin C, two peptides and clinically proven retinol.
Vitamin C visibly firms & brightens eye area
Retinol quickly reduces the look of deep wrinkles
Rich, creamy lotion intensely hydrates
Use twice daily as needed
Low-strength 0.01% retinol concentration","Eye Care, Vitamin C, Anti-Aging, Firming, Wrinkles, Clinical, All Skin Types, Combination Skin, Dry%2FVery Dry Skin, Normal Skin, Oily Skin"
75,Anti-Aging Eye Gel,"A light, refreshing gel that addresses multiple signs of aging, hydrates, minimizes fine lines and visibly brightens to eliminate signs of fatigue.
Refreshes & renews delicate skin around the eye
Contains peptides, hyaluronic acid & licorice
Cooling applicator soothes puffiness on contact
Use twice daily as needed","Eye Care, Anti-Aging, Dehydrated Skin, Firming, Wrinkles, Resist Anti-Aging, All Skin Types, Combination Skin, Extra Sensitive Skin, Normal Skin, Oily Skin"
76,Omega+ Complex Eye Cream,"This lightweight eye cream is an instant pick-me-up for dehydrated under-eyes. It nourishes, helps retain moisture and smooths to counteract crepey and dry skin over time.
Omega fatty acids & ceramides hydrate & minimize the appearance of fine lines
Niacinamide & plant extracts visibly brighten
Lightweight lotion texture","Eye Care, Anti-Aging, Dehydrated Skin, Omega%2B Complex, Combination Skin, Dry%2FVery Dry Skin, Extra Sensitive Skin, Normal Skin, Oily Skin"
77,Anti-Aging Eye Cream,"Unique, long-lasting balm-like cream for brightening and overnight hydration, with results you will see and feel the next morning.
Proprietary blend of anti-aging ingredients
Brightens, softens, and enriches skin
Use nightly as the last step in your evening routine","Eye Care, Targeted Solutions, Anti-Aging, Dehydrated Skin, Firming, Wrinkles, Resist Anti-Aging, All Skin Types, Combination Skin, Dry%2FVery Dry Skin, Extra Sensitive Skin, Normal Skin"
83,Youth Boost Trio,"This anti-aging trio gives skin the key ingredients it needs to look firm, plump and youthful from the inside out.
Capsules strengthen skin’s lower layers
Topical products brighten & firm skin’s surface
Strengthens barrier from the inside out","Kits & Sets, Dull Skin, Firming, Boosters, Clinical"
84,Pore + Wrinkle-Reducing Trio,"Enhance your pore-perfecting routine with three niacinamide-rich formulas proven to tighten, brighten & diminish wrinkles.
3 niacinamide strengths tighten enlarged pores
Vitamin C diminishes dullness & signs of aging
Antioxidants + hyaluronic acid leave skin glowing","Kits & Sets, Enlarged Pores, Firming, Oil Control, Clinical, Resist Anti-Aging"
85,Lipscreen SPF 50,"This fragrance- and flavor-free lip balm with SPF protects against harmful UV rays as it moisturizes and soothes dry, rough lips.
Non-greasy formula with no unpleasant taste
Broad-spectrum sun protection","Lip & Smile Care, Makeup, Sun Protection, Sun Protection, All Skin Types, Combination Skin, Oily Skin"
88,Super Hydrate Overnight Mask,"Wake up to a plump, dewy, healthy-looking complexion with this deeply hydrating overnight mask that resets depleted skin with nourishing ingredients.
Antioxidant-rich shea butter & glycerin replenish stressed skin
Reishi mushroom & cloudberry calm skin and reduce redness
Use as the last step in your nightly routine","Masks, Dehydrated Skin, Redness, All Skin Types, Combination Skin, Dry%2FVery Dry Skin, Extra Sensitive Skin, Normal Skin, Oily Skin"
89,Hydrating Treatment Mask,"A deeply hydrating face mask for dry to very dry skin that works overnight to restore a dewy, resilient, appearance and feeling of firmness for a visibly refined complexion.
Replenishes and calms skin
Antioxidants and plant oils nourish skin
Rich cream formula
Use on cleansed skin as often as desired","Masks, Dehydrated Skin, Redness, Skin Recovery, Extra Sensitive Skin"
91,Soothe + Smooth,"Change your thinking about after-shave. Address those bumps, help stop skin from looking older, calm redness and soften skin, all in one non-irritating, fragrance-free formula.
Combats multiple signs of aging
Minimizes pore size
Soothes redness & softens skin
Water-light, non-irritating formula
Use once or twice daily after washing or shaving","Men%27s, PC4Men, All Skin Types"
92,Nighttime Repair,"This retinol-equipped moisturizer is front-loaded with antioxidants to provide essential hydration all night long and maintain younger-looking skin.
Helps smooth the look of fine lines & wrinkles
Non-greasy, lotion formula
Use as the last step in your PM routine","Men%27s, Moisturizers, PC4Men"
94,Intensive Repair Cream,"A concentrated anti-aging moisturizing cream infused with skin-restoring ingredients to significantly improve skin’s texture, smoothness, and hydration, renewing a beautifully youthful and healthy glow.
Promotes a firmer-looking, younger complexion
Retinol is an anti-aging superstar ingredient
Rich ultra-creamy formula
Use as the last step in your PM skincare routine
Low-strength 0.01% retinol concentration","Moisturizers, Anti-Aging, Dehydrated Skin, Dull Skin, Firming, Wrinkles, Resist Anti-Aging, Dry%2FVery Dry Skin"
95,Essential Glow Moisturizer SPF 30,"This illuminating moisturizer shields skin with all-mineral sun protection plus antioxidants to help protect against the effects of environmental damage.
Creates an instant, healthy glow for makeup-optional skin
12 antioxidants visibly diminish the signs of environment-based aging
Lightweight, illuminating cream
Apply as the last step of your morning routine","Moisturizers, Sun Protection, Anti-Pollution Skin Care, Dull Skin, Sun Protection, Defense, All Skin Types, Combination Skin, Dry%2FVery Dry Skin, Normal Skin, Oily Skin"
96,Ceramide-Enriched Firming Moisturizer,"Visibly smooth wrinkles, renew a firmer feel and enhance moisture balance with a concentrated blend of ceramides plus a potent blend of vitamin c and retinol that plumps skin and fortifies skin’s protective barrier.
Strengthens the building blocks of healthy skin
Replenishing lipids deliver a supple look & feel
Creamy-smooth lotion intensely hydrates
Use daily to keep skin firm & resilient
Mid-strength 0.1% retinol concentration","Moisturizers, Retinol, Vitamin C, Anti-Aging, Dehydrated Skin, Firming, Wrinkles, Clinical, All Skin Types, Combination Skin, Dry%2FVery Dry Skin, Normal Skin, Oily Skin"
97,Nightly Reconditioning Moisturizer,"Eight superfoods plus antioxidants strengthen your skin’s environmental defenses while hydrating, softening and clarifying overnight.
Protect skin against environmental aggressors
Flaxseed, wild cherry and other superfoods that nourish skin
Sheer, super-light texture
Use as the last step in your PM skincare routine","Moisturizers, Anti-Pollution Skin Care, Dull Skin, Defense, All Skin Types, Combination Skin, Dry%2FVery Dry Skin, Normal Skin, Oily Skin"
98,Oil-Free Moisturizer,"Provides soothing hydration that won’t clog pores or cause breakouts. Weightless, oil-free moisturizer is specially formulated for blemish-prone skin.
Lightly hydrates breakout-prone skin without adding oil or shine
Pore-minimizing niacinamide soothes flaky skin
Sheer, ceramide-infused lotion calms redness
Use as the last step in your PM skincare routine","Moisturizers, Dehydrated Skin, Redness, Clear for Acne, All Skin Types, Combination Skin, Dry%2FVery Dry Skin, Normal Skin, Oily Skin"
99,Anti-Aging Clear Skin Hydrator,"A one-of-a-kind anti-aging moisturizer that provides immediate hydration while nourishing skin, creating a more even-looking skin tone and a brighter complexion, all while defending skin against environmental stresses.
Visibly improves pores size
Vitamin C and niacinamide brighten and smooth skin
Unique gel-lotion formula
Use as the last step in your PM skincare routine","Moisturizers, Vitamin C, Anti-Aging, Dull Skin, Wrinkles, Resist Anti-Aging, Combination Skin, Normal Skin, Oily Skin"
100,MOISTURE BOOST Hydrating Treatment Cream,"Replenishes and restores lost moisture, leaving you with smooth, comfortable, younger-looking skin.
Emollients and plant oils restore supple, smooth skin
Antioxidants help skin look and feel younger
Luxurious cream
Use as the last step in your PM skincare routine","Moisturizers, Moisture Boost, Dry%2FVery Dry Skin, Normal Skin"
101,Daily Moisturizing Lotion SPF 30,"A mineral-based moisturizer with SPF that protects, softens and reconditions skin by helping maintain skin’s optimal hydration levels and decreasing the risk of early skin aging.
Contains a unique complex of anti-aging peptides
Skin-recovering ingredients transform dry skin
Rich cream formula
Use as the last step in your AM skincare routine","Moisturizers, Sun Protection, Anti-Aging, Redness, Sun Protection, Wrinkles, Skin Recovery, Dry%2FVery Dry Skin, Extra Sensitive Skin"
102,Redness Relief Moisturizer for Normal to Dry Skin,"An age-defying moisturizer formulated for soothing skin relief and drenching hydration. Gentle nourishment for visible plumping, radiance, and diminished appearance of wrinkles.
Nourishing plant oils and antioxidants soothe skin
Enriches skin to ease redness & sensitivity
Silky, soothing cream leaves a radiant finish
Use as the last step in your PM skincare routine","Moisturizers, Redness, Calm Redness Relief, Dry%2FVery Dry Skin, Extra Sensitive Skin"
103,Ultra-Rich Moisturizer,"This luxuriant cream moisturizer relieves dryness with soothing antioxidants and nourishing plant oils to keep skin thoroughly hydrated, soft, and comforted.
Plumps the look of dehydrated skin
Smooths the appearance of wrinkles
Leaves skin feeling remarkably soft and supple
Rich, velvety cream texture
Use as the last step in your PM skincare routine","Moisturizers, Dehydrated Skin, Redness, Clinical, Extra Sensitive Skin"
104,Invisible Finish Moisture Gel,"A moisturizer that provides essential hydration, helps minimize the appearance of pores, and provides antioxidants to help defend against environmental assault.
Refreshes and hydrates skin
Lightweight gel formula
Use as the last step in your PM skincare routine","Moisturizers, Oil Control, Skin Balancing, Combination Skin, Oily Skin"
105,Redness Relief SPF 30 Mineral Moisturizer for Normal to Dry Skin,"A mineral-based sunscreen that replenishes dry, sensitive skin with smoothing hydration while protecting it against damaging UVA/UVB rays.
Diminishes the appearance of redness
Helps keep skin looking younger, longer
Creamy lotion texture
Use as the last step in your AM skincare routine","Moisturizers, Sun Protection, Redness, Sun Protection, Calm Redness Relief, Extra Sensitive Skin"
106,Redness Relief Moisturizer for Normal to Oily Skin,"This moisturizer is designed to provide refreshing hydration to lessen signs of aging while calming the appearance of redness and sensitivity.
Antioxidants calm the appearance of reddened skin
Helps retain moisture & smooth skin’s surface
Lightweight lotion formula
Use as the last step in your PM skincare routine","Moisturizers, Redness, Calm Redness Relief, Extra Sensitive Skin"
107,Antioxidant Enriched Natural Moisturizer,"This innovative formula is an enriched, surprisingly light lotion that hydrates your skin while treating it to a potent anti-aging combination of antioxidants and skin-replenishing ingredients.
98% all-natural formula
Renews and rejuvenates skin
Skin-softening lotion evens skin tone
Use as the last step in your PM skincare routine","Moisturizers, Anti-Pollution Skin Care, Earth Sourced Natural, All Skin Types, Extra Sensitive Skin"
109,Replenishing Moisturizer,"Contains a proprietary blend of proven moisturizing ingredients for instant and lasting hydration for dry skin. Helps minimize the appearance of wrinkles and visibly improves skin’s texture.
Helps preserve skin’s moisture content
Antioxidants and plant oils restore radiance
Luxurious creamy texture
Use as the last step in your PM skincare routine","Moisturizers, Skin Recovery, Extra Sensitive Skin"
111,Omega+ Complex Moisturizer,"Naturally restore dehydrated skin's glow with this cloud-like cream's blend of superfood omega fatty acids, replenishing ceramides and antioxidants.
Omegas 3, 6 & 9 strengthen moisture barrier
Passion fruit & guava extracts soothe stressed skin
Lightweight, whipped texture locks in hydration","Moisturizers, Dehydrated Skin, Dull Skin, Redness, Omega%2B Complex, Extra Sensitive Skin"
113,Weightless Advanced Repairing Toner,"An age-defying facial toner that rehydrates and lightly moisturizes skin while also defending against environmental damage.
Replenishes and refines aging skin
Niacinamide and peptide complex renews skin
Lightweight but potent liquid formula
Use twice daily after cleansing skin","Oil Control, Toners, Anti-Aging, Dehydrated Skin, Dull Skin, Enlarged Pores, Wrinkles, Resist Anti-Aging, Combination Skin, Normal Skin, Oily Skin"
137,Redness Relief Toner for Normal to Dry Skin,"This toner calms the appearance of redness and soothes sensitive skin while skin-replenishing ingredients nourish and hydrate.
Helps reinforce a healthy barrier
Works immediately to soothe skin
Milky, ultra-gentle fluid texture
Use twice daily after cleansing skin","Toners, Redness, Calm Redness Relief, Dry%2FVery Dry Skin, Extra Sensitive Skin, Normal Skin"
138,Purely Natural Refreshing Toner,"This antioxidant-rich toner with 98% natural ingredients replenishes and restores skin for a healthy glow.
Antioxidants shield & renew the surface of skin
Liquid-gel formula soothes skin
Use twice daily after cleansing skin","Toners, Anti-Pollution Skin Care, Earth Sourced Natural, Extra Sensitive Skin"
236,Water-Infusing Electrolyte Moisturizer,"This refreshing electrolyte-charged formula replenishes thirsty skin’s water content for lasting, weightless hydration and an instant plump, dewy look.
Restores vital hydration & nutrients
Electrolytes calcium, magnesium & potassium energize skin
Airy, lightweight texture
Use as the last step in your PM skincare routine
Even suitable for breakout-prone skin","Dehydrated Skin, All Skin Types, Combination Skin, Dry%2FVery Dry Skin, Extra Sensitive Skin, Normal Skin, Oily Skin"
